link,title,description,cleaned_description
https://www.dawnnews.tv,Home - Dawnnews,"Visit dawnnews.tv for latest news, breaking news in Urdu today from Pakistan, world, entertainment, business, sports, health and analysis.",visit dawnnewstv for latest news breaking news in urdu today from pakistan world entertainment business sports health and analysis
https://images.dawn.com,Home - Images,Film. Fashion. Celebrity. Culture. All your lifestyle needs met by Pakistan&#039;s hippest insider. IMAGES - Home,film fashion celebrity culture all your lifestyle needs met by pakistans hippest insider images  home
https://herald.dawn.com,Herald - Herald,Become a print subscriber of Herald in a few clicks.,become a print subscriber of herald in a few clicks
https://aurora.dawn.com,Home - Aurora,"AURORA is Pakistan's leading advertising, marketing and media magazine; it is widely recognised as the voice of the industry.",aurora is pakistans leading advertising marketing and media magazine it is widely recognised as the voice of the industry
http://classifieds.dawn.com/,Dawn Classifieds,Classifieds advertisement Real Estate Business Automobiles  Careers Jobs Recruitment Islamabd Karachi Lahore Pakistan cars power price toyota suzuki,classifieds advertisement real estate business automobiles  careers jobs recruitment islamabd karachi lahore pakistan cars power price toyota suzuki
https://obituary.dawn.com,Dawn Obituaries - Book Dawn Newspaper Obituary Online,Place national and regional newspaper obituaries through Dawn's online obituary booking platform,place national and regional newspaper obituaries through dawns online obituary booking platform
https://www.dawn.com/,Home - DAWN.COM,Checkout for the Latest and Top News from Pakistan and around the world,checkout for the latest and top news from pakistan and around the world
https://www.dawn.com,Home - DAWN.COM,Checkout for the Latest and Top News from Pakistan and around the world,checkout for the latest and top news from pakistan and around the world
https://www.dawn.com/latest-news,Latest - DAWN.COM,Checkout for the Latest and Top News from Pakistan and around the world,checkout for the latest and top news from pakistan and around the world
https://www.dawn.com/pakistan,Pakistan - DAWN.COM,Checkout for the Latest and Top News from Pakistan and around the world,checkout for the latest and top news from pakistan and around the world
https://www.dawn.com/opinion,Opinion - DAWN.COM,Checkout for the Latest and Top News from Pakistan and around the world,checkout for the latest and top news from pakistan and around the world
https://www.dawn.com/business,Business - DAWN.COM,Checkout for the Latest and Top News from Pakistan and around the world,checkout for the latest and top news from pakistan and around the world
https://www.dawn.com/world,World - DAWN.COM,Checkout for the Latest and Top News from Pakistan and around the world,checkout for the latest and top news from pakistan and around the world
https://www.dawn.com/entertainment,Home - Images,Film. Fashion. Celebrity. Culture. All your lifestyle needs met by Pakistan&#039;s hippest insider. IMAGES - Home,film fashion celebrity culture all your lifestyle needs met by pakistans hippest insider images  home
https://www.dawn.com/prism,Prism - DAWN.COM,Checkout for the Latest and Top News from Pakistan and around the world,checkout for the latest and top news from pakistan and around the world
https://www.dawn.com/sport,Sport - DAWN.COM,Checkout for the Latest and Top News from Pakistan and around the world,checkout for the latest and top news from pakistan and around the world
https://www.dawn.com/magazines,Magazines - DAWN.COM,Checkout for the Latest and Top News from Pakistan and around the world,checkout for the latest and top news from pakistan and around the world
https://www.dawn.com/tech,Tech - DAWN.COM,Checkout for the Latest and Top News from Pakistan and around the world,checkout for the latest and top news from pakistan and around the world
https://www.dawn.com/videos,Videos - DAWN.COM,Checkout for the Latest and Top News from Pakistan and around the world,checkout for the latest and top news from pakistan and around the world
https://www.dawn.com/popular,Popular - DAWN.COM,Checkout for the Latest and Top News from Pakistan and around the world,checkout for the latest and top news from pakistan and around the world
https://www.dawn.com/newspaper,Archive - DAWN.COM,Checkout for the Latest and Top News from Pakistan and around the world,checkout for the latest and top news from pakistan and around the world
https://www.dawnrelief.com/,Dawn Relief for Floods - DAWN.COM,"We are now gearing up to rebuild devastated settlements with homes, schools and a drinking water supply scheme.",we are now gearing up to rebuild devastated settlements with homes schools and a drinking water supply scheme
https://www.dawn.com/live/elections-2024#1822566,Live Updates: Elections 2024 - DAWN.COM,Live Updates: Elections 2024,live updates elections 
https://www.dawn.com/live/elections-2024#1822564,Live Updates: Elections 2024 - DAWN.COM,Live Updates: Elections 2024,live updates elections 
https://www.dawn.com/live/elections-2024#1822561,Live Updates: Elections 2024 - DAWN.COM,Live Updates: Elections 2024,live updates elections 
https://www.dawn.com/live/gaza-invasion,Live Updates: Gaza invasion - DAWN.COM,Live Updates: Gaza invasion,live updates gaza invasion
https://www.dawn.com/news/1832593/ireland-and-spain-could-recognise-palestinian-state-this-month,Ireland and Spain could recognise Palestinian state this month - World - DAWN.COM,The report reveals that countries have been anticipating a vote of the United Nations General Assembly on May 10.,the report reveals that countries have been anticipating a vote of the united nations general assembly on may 
https://www.dawn.com/news/1832474/iran-to-change-nuclear-doctrine-if-existence-threatened-adviser-to-supreme-leader-says,"Iran to change nuclear doctrine if existence threatened, adviser to supreme leader says - World - DAWN.COM","“In the case of an attack on our nuclear facilities by the Zionist regime (Israel), our deterrence will change,"" official says.",in the case of an attack on our nuclear facilities by the zionist regime israel our deterrence will change official says
https://www.dawn.com/news/1832152/most-hated-country-in-the-world,Most hated country in the world - Pakistan - DAWN.COM,Israel is America’s spoilt child. It is used to throwing a tantrum on the floor of the toy store if it does not get what it wants.,israel is americas spoilt child it is used to throwing a tantrum on the floor of the toy store if it does not get what it wants
https://www.dawn.com/news/1832868/sultan-azlan-shah-cup-pakistan-fall-as-dead-sport-recaptures-audience-once-again,Sultan Azlan Shah Cup: Pakistan fall as ‘dead sport’ recaptures audience once again - Sport - DAWN.COM,Japan win as they convert all four penalties in the shootout while Pakistan only manage one out of three.,japan win as they convert all four penalties in the shootout while pakistan only manage one out of three
https://www.dawn.com/news/1832880/england-great-anderson-will-make-last-test-appearance-in-west-indies-clash,‘England great’ Anderson will make last Test appearance in West Indies clash - Sport - DAWN.COM,The 41-year-old is the first seamer in history to reach 700 Test wickets.,the yearold is the first seamer in history to reach  test wickets
https://www.dawn.com/news/1832859/pti-issues-show-cause-notice-to-sher-afzal-marwat-for-harming-party-interests-violating-discipline,"PTI issues show-cause notice to Sher Afzal Marwat for harming party interests, violating discipline - Pakistan - DAWN.COM",Says Marwat has been called to explain himself in writing within three days of the notice as to why disciplinary action should not be taken against him.,says marwat has been called to explain himself in writing within three days of the notice as to why disciplinary action should not be taken against him
https://www.dawn.com/news/1832862/more-than-200-dead-in-afghanistan-flash-floods-un,More than 200 dead in Afghanistan flash floods: UN - World - DAWN.COM,"Up to 1,500 homes have been destroyed in Baghlani Jadid district alone; Pakistan offers condolences.",up to  homes have been destroyed in baghlani jadid district alone pakistan offers condolences
https://www.dawn.com/news/1832867/india-poll-watchdogs-inaction-lets-pm-modi-commit-brazen-violations-opposition-says,"India poll watchdog’s inaction lets PM Modi commit ‘brazen’ violations, opposition says - World - DAWN.COM","Released opposition leader Arvind Kejriwal urges Indians to battle ""dictatorship"".",released opposition leader arvind kejriwal urges indians to battle dictatorship
https://www.dawn.com/news/1832858/president-zardari-granted-immunity-from-criminal-proceedings-by-islamabad-accountability-court,President Zardari granted immunity from criminal proceedings by Islamabad accountability court - Pakistan - DAWN.COM,He had petitioned the court last month under Section 248(2) of the Constitution.,he had petitioned the court last month under section  of the constitution
https://www.dawn.com/news/1832796/pia-staff-forgets-to-put-boys-body-on-plane,PIA staff forgets to put boy’s body on plane - Pakistan - DAWN.COM,"Shocked parents, relatives protest against airline management’s negligence at Skardu airport.",shocked parents relatives protest against airline managements negligence at skardu airport
https://www.dawn.com/news/1832869/first-extreme-solar-storm-in-20-years-strikes-earth-brings-spectacular-auroras,"First ‘extreme’ solar storm in 20 years strikes earth, brings spectacular auroras - World - DAWN.COM",Social media lit up with people posting pictures of auroras from northern Europe and Australasia.,social media lit up with people posting pictures of auroras from northern europe and australasia
https://www.dawn.com/news/1832750/ruling-coalition-loses-27-reserved-seats-in-punjab,Ruling coalition loses 27 reserved seats in Punjab - Pakistan - DAWN.COM,"Speaker suspends PML-N’s 23, PPP’s two, and one member each of PML-Q, IPP.",speaker suspends pmlns  ppps two and one member each of pmlq ipp
https://www.youtube.com/c/DawnNewsEnglish,DawnNews English - YouTube,"Infinite News. Instant Insight. Dawn News English - your window into the latest developments, and analysis from across the world. Official Facebook: https://...",infinite news instant insight dawn news english  your window into the latest developments and analysis from across the world official facebook https
https://www.youtube.com/watch?v=UeSr8kxz7kE,Is PTI Ready to Apologise for May 9th?  | Nadia Naqi | Dawn News English - YouTube,Dawn News’s Nadia Naqi in conversation with PTO leader Shoaib Shaheen. --------------------------------------------------------------------------------------...,dawn newss nadia naqi in conversation with pto leader shoaib shaheen 
https://www.youtube.com/watch?v=UeSr8kxz7kE,Is PTI Ready to Apologise for May 9th?  | Nadia Naqi | Dawn News English - YouTube,Dawn News‚Äôs Nadia Naqi in conversation with PTO leader Shoaib Shaheen. --------------------------------------------------------------------------------------...,dawn newss nadia naqi in conversation with pto leader shoaib shaheen 
https://www.youtube.com/watch?v=DLnFKstpqSM,What On Earth Does The Government Want From Us? | Zara Hat Kay | Dawn News - YouTube,üì∫ Watch Dawn News Live Stream:https://www.youtube.com/watch?v=-JrEV2rian0What On Earth Does The Government Want From Us? | Zara Hat Kay | Dawn NewsDawn News..., watch dawn news live streamhttpswwwyoutubecomwatchvjrevrianwhat on earth does the government want from us  zara hat kay  dawn newsdawn news
https://www.youtube.com/watch?v=ax6GtKBV4o4,How Israel's Killer Robots In Gaza Are Redefining Automated Warfare? | Dawn News English - YouTube,"Join Shahzeb Jillani on the 'Spotlight Show' as he sits down with human rights lawyer Ousman Noor from 'The Civilian Agenda (CSO), who was sacked for speakin...",join shahzeb jillani on the spotlight show as he sits down with human rights lawyer ousman noor from the civilian agenda cso who was sacked for speakin
https://www.youtube.com/watch?v=6Y6pv4dgwok,Top News Stories: Pakistan's Lunar Mission | Israel-Gaza | Russia-Ukraine | Wars | Dawn News English - YouTube,ùêÉùêöùê∞ùêß ùêçùêûùê∞ùê¨ ùêÑùêßùê†ùê•ùê¢ùê¨ùê°'ùê¨ ùêìùê®ùê© ùêçùêûùê∞ùê¨ ùêíùê≠ùê®ùê´ùê¢ùêûùê¨ - your ultimate source for staying informed and up to date with the most significant news ...,       your ultimate source for staying informed and up to date with the most significant news 
https://www.youtube.com/watch?v=368pk1LtbvY,Why Are Israel And Its Western Allies On The Edge Over ICC Arrest Warrants? | Dawn News English - YouTube,"In the Palestinian territory it controls, Israel has often been accused of acting without consequence, backed by support from the United States and the broad...",in the palestinian territory it controls israel has often been accused of acting without consequence backed by support from the united states and the broad
https://www.youtube.com/watch?v=ZKNxVl6yFyc,May 9 | Military Courts Pakistan: What About The Prisoners? | Rida Hosein | Dawn News English - YouTube,"A YEAR since the events of May 9, 2023, what has changed? Rida Hosein takes a deep dive into laws enforced. -------------------------------------------------...",a year since the events of may   what has changed rida hosein takes a deep dive into laws enforced 
https://www.youtube.com/watch?v=1j9DKEupIUY,Top News Stories: Modi Aggression In Kashmir | Imran Khan Decision | Israel-Gaza | Dawn News English - YouTube,ùêÉùêöùê∞ùêß ùêçùêûùê∞ùê¨ ùêÑùêßùê†ùê•ùê¢ùê¨ùê°'ùê¨ ùêìùê®ùê© ùêçùêûùê∞ùê¨ ùêíùê≠ùê®ùê´ùê¢ùêûùê¨ - your ultimate source for staying informed and up to date with the most significant news ...,       your ultimate source for staying informed and up to date with the most significant news 
https://www.youtube.com/watch?v=2FbxyFxRHdM,Americans Are Upset Over US Supporting Violence Against Palestinians | Dawn News English - YouTube,Professor Elizabeth Hurd of Northwestern University sheds light on the Gaza encampment on Northwestern's campus. --------------------------------------------...,professor elizabeth hurd of northwestern university sheds light on the gaza encampment on northwesterns campus 
https://www.dawn.com/must-read,Must Read - DAWN.COM,Checkout for the Latest and Top News from Pakistan and around the world,checkout for the latest and top news from pakistan and around the world
https://www.dawn.com/news/1832835,Taxing pensions - Newspaper - DAWN.COM,"Tax reforms have failed to deliver because of distortions created by the FBR bureaucracy through SROs, apparently for personal gains.",tax reforms have failed to deliver because of distortions created by the fbr bureaucracy through sros apparently for personal gains
https://www.dawn.com/news/1832832,The lethal troika - Newspaper - DAWN.COM,The situation necessitates a fundamental shift in the terrorist threat assessment in Pakistan.,the situation necessitates a fundamental shift in the terrorist threat assessment in pakistan
https://images.dawn.com/news/1192428/we-asked-moms-what-they-really-want-for-mothers-day-and-no-it-isnt-a-kurta-or-a-candle,"We asked moms what they really want for Mother’s Day — and no, it isn’t a kurta or a candle - Culture - Images","A pinch of love, a dash of appreciation and a cup FULL of peace is the recipe for the perfect Mother's Day present!",a pinch of love a dash of appreciation and a cup full of peace is the recipe for the perfect mothers day present
https://www.dawn.com/news/1832831/an-inclusive-judiciary,An inclusive judiciary - Pakistan - DAWN.COM,"While the detailed deliberations of the JCP need not be made public, the reasons for selecting certain candidates for nomination must be disclosed.",while the detailed deliberations of the jcp need not be made public the reasons for selecting certain candidates for nomination must be disclosed
https://www.dawn.com/news/1832617,Enrolment drive - Newspaper - DAWN.COM,"The authorities should implement targeted interventions to bring out-of-school children, especially girls, into the educational system.",the authorities should implement targeted interventions to bring outofschool children especially girls into the educational system
https://images.dawn.com/news/1192429/men-must-take-the-lead-in-standing-up-against-sexual-harassment-says-hamza-ali-abbasi,"Men must take the lead in standing up against sexual harassment, says Hamza Ali Abbasi - Celebrity - Images",Actor holds men accountable for perpetuating a culture of silence and complicity that has helped normalise harassment.,actor holds men accountable for perpetuating a culture of silence and complicity that has helped normalise harassment
https://aurora.dawn.com/news/1145109/the-agrarian-thespian,The Agrarian Thespian - People - Aurora,Shahrezad Samiuddin profiles farmer and actor Samiya Mumtaz.,shahrezad samiuddin profiles farmer and actor samiya mumtaz
https://www.dawn.com/news/1832462/mercurial-pakistans-last-pit-stop-before-t20-world-cup-2024,Mercurial Pakistan’s last pit stop before T20 World Cup 2024 - Sport - DAWN.COM,Pakistan will play three matches against Ireland and four against England before they head to the Caribbean for the T20 World Cup.,pakistan will play three matches against ireland and four against england before they head to the caribbean for the t world cup
https://www.dawn.com/news/1832620,Waiting to practise - Newspaper - DAWN.COM,"The process of enrolment at the apex court is tedious, and is made more cumbersome by procedural bottlenecks along the way.",the process of enrolment at the apex court is tedious and is made more cumbersome by procedural bottlenecks along the way
https://www.dawn.com/news/1832621,Education emergency - Newspaper - DAWN.COM,The current situation is the result of the choices that we have made and are still making.,the current situation is the result of the choices that we have made and are still making
https://www.dawn.com/news/1832279/special-report-may-9-mayhem-and-military-trials-a-year-on,"Special report: May 9, mayhem and military trials — a year on - Pakistan - DAWN.COM",Unravelling the knot of justice and power as Pakistan grapples with the aftermath of May 9 and the ongoing military trials of civilians.,unravelling the knot of justice and power as pakistan grapples with the aftermath of may  and the ongoing military trials of civilians
https://www.dawn.com/news/1831567,PAKISTAN’S MOMENT OF YOUTH - Newspaper - DAWN.COM,"With the majority of Pakistan’s population below the age of 30, the young will invariably influence the country’s future trajectory.",with the majority of pakistans population below the age of  the young will invariably influence the countrys future trajectory
https://www.dawn.com/authors/9835/nadir-guramani,News stories for Nadir Guramani - DAWN.COM,Checkout for the Latest and Top News from Pakistan and around the world,checkout for the latest and top news from pakistan and around the world
https://www.dawn.com/authors/675/khurram-husain,News stories for Khurram Husain - DAWN.COM,Checkout for the Latest and Top News from Pakistan and around the world,checkout for the latest and top news from pakistan and around the world
https://www.dawn.com/authors/1521/zahoor,News stories for Zahoor - DAWN.COM,Checkout for the Latest and Top News from Pakistan and around the world,checkout for the latest and top news from pakistan and around the world
https://www.dawn.com/authors/2617/jamil-nagri,News stories for Jamil Nagri - DAWN.COM,Checkout for the Latest and Top News from Pakistan and around the world,checkout for the latest and top news from pakistan and around the world
https://www.dawn.com/authors/10284/abdullah-zehri,News stories for Abdullah Zehri - DAWN.COM,Checkout for the Latest and Top News from Pakistan and around the world,checkout for the latest and top news from pakistan and around the world
https://www.dawn.com/news/1832658/pakistans-icube-qamar-beams-back-first-images-from-moons-orbit,Pakistan’s iCube-Qamar beams back first images from moon’s orbit - Pakistan - DAWN.COM,The country's inaugural lunar satellite is part of China’s Chang’e-6 mission.,the countrys inaugural lunar satellite is part of chinas change mission
https://www.dawn.com/news/1832368/the-net-metering-dead-end,The net metering dead end - Newspaper - DAWN.COM,"The big problem in Pakistan’s power bureaucracy now is that the state insists on setting the price of electricity manually, using outmoded formulae.",the big problem in pakistans power bureaucracy now is that the state insists on setting the price of electricity manually using outmoded formulae
https://www.dawn.com/news/1832609/imran-tasks-alvi-with-important-job,Imran tasks Alvi with ‘important’ job - Newspaper - DAWN.COM,"Sher Afzal Marwat removed from core body for ""derailing"" Imran’s ties with Saudi ruler.",sher afzal marwat removed from core body for derailing imrans ties with saudi ruler
https://www.dawn.com/news/1832432/no-compromise-or-deal-with-planners-and-architects-says-army-chief-on-may-9-anniversary,"No compromise or deal with planners and architects, says army chief on May 9 anniversary - Pakistan - DAWN.COM","PTI slammed as govt, allies issue condemnations throughout the day; PM Shehbaz says riots aimed to ""end democracy"".",pti slammed as govt allies issue condemnations throughout the day pm shehbaz says riots aimed to end democracy
https://www.dawn.com/news/1832832/the-lethal-troika,The lethal troika - Newspaper - DAWN.COM,The situation necessitates a fundamental shift in the terrorist threat assessment in Pakistan.,the situation necessitates a fundamental shift in the terrorist threat assessment in pakistan
https://www.dawn.com/authors/3134/tariq-parvez,News stories for Tariq Parvez - DAWN.COM,Checkout for the Latest and Top News from Pakistan and around the world,checkout for the latest and top news from pakistan and around the world
https://www.dawn.com/authors/815/reema-omer,News stories for Reema Omer - DAWN.COM,Checkout for the Latest and Top News from Pakistan and around the world,checkout for the latest and top news from pakistan and around the world
https://www.dawn.com/news/1832830/street-safety,Street safety - Newspaper - DAWN.COM,Traditional policing methods may result in faulty investigations.,traditional policing methods may result in faulty investigations
https://www.dawn.com/authors/2112/mohammad-ali-babakhel,News stories for Mohammad Ali Babakhel - DAWN.COM,Checkout for the Latest and Top News from Pakistan and around the world,checkout for the latest and top news from pakistan and around the world
https://www.dawn.com/news/1832829/child-marriages,Child marriages - Newspaper - DAWN.COM,Almost 19m girls in Pakistan are married before they turn 18.,almost m girls in pakistan are married before they turn 
https://www.dawn.com/authors/5582/sahar-bandial,News stories for Sahar Bandial - DAWN.COM,Checkout for the Latest and Top News from Pakistan and around the world,checkout for the latest and top news from pakistan and around the world
https://www.dawn.com/news/1832621/education-emergency,Education emergency - Newspaper - DAWN.COM,The current situation is the result of the choices that we have made and are still making.,the current situation is the result of the choices that we have made and are still making
https://www.dawn.com/authors/568/faisal-bari,News stories for Faisal Bari - DAWN.COM,Checkout for the Latest and Top News from Pakistan and around the world,checkout for the latest and top news from pakistan and around the world
https://www.dawn.com/newspaper/editorial,Editorial -Opinion - DAWN.COM,Checkout for the Latest and Top News from Pakistan and around the world,checkout for the latest and top news from pakistan and around the world
https://www.dawn.com/news/1832835/taxing-pensions,Taxing pensions - Newspaper - DAWN.COM,"Tax reforms have failed to deliver because of distortions created by the FBR bureaucracy through SROs, apparently for personal gains.",tax reforms have failed to deliver because of distortions created by the fbr bureaucracy through sros apparently for personal gains
https://www.dawn.com/news/1832834/orwellian-slide,Orwellian slide - Newspaper - DAWN.COM,"IN recent years, Pakistan has made several attempts at introducing an overarching mechanism through which to check...",in recent years pakistan has made several attempts at introducing an overarching mechanism through which to check
https://www.dawn.com/news/1832833/terror-against-girls,Terror against girls - Newspaper - DAWN.COM,"ONCE again, the ogre of terrorism is seeking the sacrifice of schoolgirls. On Wednesday, just days after the...",once again the ogre of terrorism is seeking the sacrifice of schoolgirls on wednesday just days after the
https://www.dawn.com/authors/1164/basil-nabi-malik,News stories for Basil Nabi Malik - DAWN.COM,Checkout for the Latest and Top News from Pakistan and around the world,checkout for the latest and top news from pakistan and around the world
https://www.dawn.com/news/1832620/waiting-to-practise,Waiting to practise - Newspaper - DAWN.COM,"The process of enrolment at the apex court is tedious, and is made more cumbersome by procedural bottlenecks along the way.",the process of enrolment at the apex court is tedious and is made more cumbersome by procedural bottlenecks along the way
https://www.dawn.com/authors/410/rafia-zakaria,News stories for Rafia Zakaria - DAWN.COM,Checkout for the Latest and Top News from Pakistan and around the world,checkout for the latest and top news from pakistan and around the world
https://www.dawn.com/authors/3/aasim-sajjad-akhtar,News stories for Aasim Sajjad Akhtar - DAWN.COM,Checkout for the Latest and Top News from Pakistan and around the world,checkout for the latest and top news from pakistan and around the world
https://www.dawn.com/news/1832618/farmers-march,Farmers’ march - Newspaper - DAWN.COM,Even the more comfortable farming segments are protesting.,even the more comfortable farming segments are protesting
https://www.dawn.com/authors/1133/jan-e-alam-khaki,News stories for Jan-e-Alam Khaki - DAWN.COM,Checkout for the Latest and Top News from Pakistan and around the world,checkout for the latest and top news from pakistan and around the world
https://www.dawn.com/news/1832619/crisis-of-empathy,Crisis of empathy - Newspaper - DAWN.COM,We need to revisit our humanity and rethink what we have become.,we need to revisit our humanity and rethink what we have become
https://www.dawn.com/news/1832807/psx-settles-at-all-time-high-above-73000-level,"PSX settles at all-time high above 73,000-level - Business - DAWN.COM",Robust growth in remittances and foreign exchange reser­ves has raised the index to its highest-ever closing.,robust growth in remittances and foreign exchange reserves has raised the index to its highestever closing
https://www.dawn.com/news/1832802/president-urges-global-efforts-to-deal-with-climate-change,President urges global efforts to deal with climate change - Pakistan - DAWN.COM,"Stresses importance of green technology, afforestation in meeting with COP29 president-designate.",stresses importance of green technology afforestation in meeting with cop presidentdesignate
https://www.dawn.com/news/1832808/digitalisation-of-tax-system-discussed-by-fbr,Digitalisation of tax system discussed by FBR - Business - DAWN.COM,Chairman Zubair Tiwana emphasises FBR’s commitment to enhancing revenue collection by leveraging technology to modernise its operations.,chairman zubair tiwana emphasises fbrs commitment to enhancing revenue collection by leveraging technology to modernise its operations
https://www.dawn.com/news/1832809/operators-agree-to-block-non-filers-sims-finally,"Operators agree to block non-filers’ SIMs, finally - Business - DAWN.COM","FBR sends names of 5,000 non-filers for stoppage.",fbr sends names of  nonfilers for stoppage
https://www.dawn.com/news/1832720/rs136tr-surplus-budget-for-ongoing-financial-year-laid-in-kp-assembly,Rs1.36tr surplus budget for ongoing financial year laid in KP assembly - Pakistan - DAWN.COM,"It includes expenditure okayed by caretakers, current cabinet.",it includes expenditure okayed by caretakers current cabinet
https://www.dawn.com/news/1832806/govt-to-focus-on-strategic-state-owned-entities-only-ishaq-dar,Govt to focus on strategic state-owned entities only: Ishaq Dar - Business - DAWN.COM,Privatisation ministry has been directed to finalise a list of loss-making entities.,privatisation ministry has been directed to finalise a list of lossmaking entities
https://www.dawn.com/news/1832738/oltmans-asks-for-more-in-final-against-japan-after-nz-hold-pakistan,Oltmans asks for more in final against Japan after NZ hold Pakistan - Sport - DAWN.COM,"“The good things we learned here is that the boys have the right spirit to fight back when they come from behind,"" the Pakistani coach says.",the good things we learned here is that the boys have the right spirit to fight back when they come from behind the pakistani coach says
https://www.dawn.com/news/1832735/balbirnie-stars-as-ireland-stun-pakistan-in-t20-opener,Balbirnie stars as Ireland stun Pakistan in T20 opener - Sport - DAWN.COM,The hosts’ decision to bowl first at the toss was somewhat justified when Mark Adair found movement with the new ball.,the hosts decision to bowl first at the toss was somewhat justified when mark adair found movement with the new ball
https://www.dawn.com/news/1832733/fifa-not-rescheduling-club-world-cup-after-complaint-from-players-union-leagues,"FIFA not rescheduling Club World Cup after complaint from players’ union, leagues - Sport - DAWN.COM",FIFPRO and WLA pen letter saying global football calendar is “beyond saturation” and that national leagues are unable to properly organise their competitions.,fifpro and wla pen letter saying global football calendar is beyond saturation and that national leagues are unable to properly organise their competitions
https://www.dawn.com/news/1832813/brazilian-athletes-drop-olympic-dreams-to-help-flood-victims,Brazilian athletes drop Olympic dreams to help flood victims - World - DAWN.COM,"Rowers Evaldo Becker and Piedro Tuchtenhagen, swimmer Viviane Jungblut and surfing champ Italo Ferreira are among the volunteers.",rowers evaldo becker and piedro tuchtenhagen swimmer viviane jungblut and surfing champ italo ferreira are among the volunteers
https://www.dawn.com/news/1832749/unga-backs-palestinian-bid-for-membership,UNGA backs Palestinian bid for membership - World - DAWN.COM,"US envoy says Washington’s negative vote ""does not reflect its opposition to Palestinian statehood"".",us envoy says washingtons negative vote does not reflect its opposition to palestinian statehood
https://www.dawn.com/news/1832816/gunmen-kidnap-nine-students-from-nigerian-university,Gunmen kidnap nine students from Nigerian university - World - DAWN.COM,A search and rescue operation by security agents is underway.,a search and rescue operation by security agents is underway
https://www.dawn.com/authors/5777/images-staff,News stories for Images Staff - DAWN.COM,Checkout for the Latest and Top News from Pakistan and around the world,checkout for the latest and top news from pakistan and around the world
https://www.dawn.com/authors/10857/mashael-shah,News stories for Mashael Shah - DAWN.COM,Checkout for the Latest and Top News from Pakistan and around the world,checkout for the latest and top news from pakistan and around the world
https://images.dawn.com/news/1192427/going-loco-for-local-jugnus-chief-saab-candle-is-the-ultimate-karachi-kid-nostalgia,Going loco for local: Jugnu’s Chief Saab candle is the ultimate Karachi kid nostalgia - Local - Images,It may not smell like Chief Saab — or so I think — but it smells nice and that's what matters.,it may not smell like chief saab  or so i think  but it smells nice and thats what matters
https://www.dawn.com/authors/9236/siham-basir,News stories for Siham Basir - DAWN.COM,Checkout for the Latest and Top News from Pakistan and around the world,checkout for the latest and top news from pakistan and around the world
https://www.dawn.com/news/1823323/fistula-and-child-marriages-the-two-epidemics-plaguing-women-in-gilgit-baltistan,Fistula and child marriages: The two epidemics plaguing women in Gilgit-Baltistan - Pakistan - DAWN.COM,"Seema's battle with fistula unveils the tragedy of early marriage, urging society to confront the intertwined dangers of child marriage and women's health crises.",seemas battle with fistula unveils the tragedy of early marriage urging society to confront the intertwined dangers of child marriage and womens health crises
https://www.dawn.com/authors/10965/shereen-karim,News stories for Shereen Karim - DAWN.COM,Checkout for the Latest and Top News from Pakistan and around the world,checkout for the latest and top news from pakistan and around the world
https://www.dawn.com/news/1828987/2024-elections-whats-at-stake-for-indias-minorities,2024 Elections: What’s at stake for India’s minorities? - Prism - DAWN.COM,Could a third term under Narendra Modi see the formalising of second-class status for minorities and the destruction of the country’s ancient composite culture?,could a third term under narendra modi see the formalising of secondclass status for minorities and the destruction of the countrys ancient composite culture
https://www.dawn.com/authors/11014/sajjad-hassan,News stories for Sajjad Hassan - DAWN.COM,Checkout for the Latest and Top News from Pakistan and around the world,checkout for the latest and top news from pakistan and around the world
https://www.dawn.com/news/1829562/from-screens-to-streets-how-gen-z-is-disrupting-the-status-quo-and-redefining-activism,From screens to streets: How Gen Z is disrupting the status quo and redefining activism - Prism - DAWN.COM,It's safe to say that the kids are doing just fine. It is the adults running the world that are the problem.,its safe to say that the kids are doing just fine it is the adults running the world that are the problem
https://www.dawn.com/authors/5119/uzair-m-younus,News stories for Uzair M. Younus - DAWN.COM,Checkout for the Latest and Top News from Pakistan and around the world,checkout for the latest and top news from pakistan and around the world
https://www.dawn.com/news/1831980/people-with-two-copies-of-a-risk-gene-have-genetic-form-of-alzheimers-say-scientists,"People with two copies of a risk gene have genetic form of Alzheimer’s, say scientists - World - DAWN.COM","Study set to redefine such carriers as having a ""new genetic form"" of the mind-wasting disease.",study set to redefine such carriers as having a new genetic form of the mindwasting disease
https://www.dawn.com/authors/422/reuters,News stories for Reuters - DAWN.COM,Checkout for the Latest and Top News from Pakistan and around the world,checkout for the latest and top news from pakistan and around the world
https://www.dawn.com/news/1831849/paris-2024-gearing-up-to-face-unprecedented-cybersecurity-threat,Paris 2024 gearing up to face unprecedented cybersecurity threat - World - DAWN.COM,The Games' organisers have deployed ethical hackers and AI to deter cyber threats.,the games organisers have deployed ethical hackers and ai to deter cyber threats
https://www.dawn.com/magazines/eos,EOS -Magazines - DAWN.COM,Checkout for the Latest and Top News from Pakistan and around the world,checkout for the latest and top news from pakistan and around the world
https://www.dawn.com/news/1831567/pakistans-moment-of-youth,PAKISTAN’S MOMENT OF YOUTH - Newspaper - DAWN.COM,"With the majority of Pakistan’s population below the age of 30, the young will invariably influence the country’s future trajectory.",with the majority of pakistans population below the age of  the young will invariably influence the countrys future trajectory
https://www.dawn.com/authors/4767/adil-najam,News stories for Adil Najam - DAWN.COM,Checkout for the Latest and Top News from Pakistan and around the world,checkout for the latest and top news from pakistan and around the world
https://www.dawn.com/news/1831566/essay-haunted-by-her-memories,ESSAY: HAUNTED BY HER MEMORIES - Newspaper - DAWN.COM,With most Western governments refusing to even acknowledge how the holocaust in Gaza has particularly impacted children and women,with most western governments refusing to even acknowledge how the holocaust in gaza has particularly impacted children and women
https://www.dawn.com/authors/7643/dr-naazir-mahmood,News stories for Dr Naazir Mahmood - DAWN.COM,Checkout for the Latest and Top News from Pakistan and around the world,checkout for the latest and top news from pakistan and around the world
https://www.dawn.com/news/1831565/psychology-singles-and-attachment-styles,PSYCHOLOGY: SINGLES AND ATTACHMENT STYLES - Newspaper - DAWN.COM,"With singlehood on the rise around the world, what does the latest research tell us about being single and happiness?",with singlehood on the rise around the world what does the latest research tell us about being single and happiness
https://www.dawn.com/authors/11035/yuthika-girme,News stories for Yuthika Girme - DAWN.COM,Checkout for the Latest and Top News from Pakistan and around the world,checkout for the latest and top news from pakistan and around the world
https://www.dawn.com/authors/11034/tim-cronin,News stories for Tim Cronin - DAWN.COM,Checkout for the Latest and Top News from Pakistan and around the world,checkout for the latest and top news from pakistan and around the world
https://www.dawn.com/authors/11033/geoff-macdonald,News stories for Geoff Macdonald - DAWN.COM,Checkout for the Latest and Top News from Pakistan and around the world,checkout for the latest and top news from pakistan and around the world
https://www.dawn.com/authors/11032/christopher-pepping,News stories for Christopher Pepping - DAWN.COM,Checkout for the Latest and Top News from Pakistan and around the world,checkout for the latest and top news from pakistan and around the world
https://www.dawn.com/magazines/icon,ICON -Magazines - DAWN.COM,Checkout for the Latest and Top News from Pakistan and around the world,checkout for the latest and top news from pakistan and around the world
https://www.dawn.com/news/1831389/style-the-showman-at-30,STYLE: THE SHOWMAN AT 30 - Newspaper - DAWN.COM,HSY chose to celebrate his 30 years in the fashion business by putting on an elaborate solo show.,hsy chose to celebrate his  years in the fashion business by putting on an elaborate solo show
https://www.dawn.com/authors/1245/maliha-rehman,News stories for Maliha Rehman - DAWN.COM,Checkout for the Latest and Top News from Pakistan and around the world,checkout for the latest and top news from pakistan and around the world
https://www.dawn.com/news/1831388/the-tube,THE TUBE - Newspaper - DAWN.COM,"Junaid (Zahid Ahmed) is a man ‘left on the shelf’ — a younger brother whose parents have died, he is forced",junaid zahid ahmed is a man left on the shelf  a younger brother whose parents have died he is forced
https://www.dawn.com/authors/3661/sadaf-haider,News stories for Sadaf Haider - DAWN.COM,Checkout for the Latest and Top News from Pakistan and around the world,checkout for the latest and top news from pakistan and around the world
https://www.dawn.com/news/1831387/cinemascope-deuce-and-advantage,CINEMASCOPE: DEUCE AND ADVANTAGE - Newspaper - DAWN.COM,The new Zendaya tennis fi lm Challengers is reviewed by an expert in the psychology of competition,the new zendaya tennis fi lm challengers is reviewed by an expert in the psychology of competition
https://www.dawn.com/authors/11031/sean-irving,News stories for Sean Irving - DAWN.COM,Checkout for the Latest and Top News from Pakistan and around the world,checkout for the latest and top news from pakistan and around the world
https://www.dawn.com/newspaper/business-finance,Business & Finance -Newspaper - DAWN.COM,Checkout for the Latest and Top News from Pakistan and around the world,checkout for the latest and top news from pakistan and around the world
https://www.dawn.com/news/1831798/packaging-film-sector-on-the-rise,Packaging film sector on the rise - Business - DAWN.COM,"""Total local market size is Rs80-100bn, and we expect an annual growth of 7-8pc in flexible packaging films by food companies,"" IPAK CEO says.",total local market size is rsbn and we expect an annual growth of pc in flexible packaging films by food companies ipak ceo says
https://www.dawn.com/news/1831797/tax-reforms-easier-than-expected,Tax reforms — easier than expected - Business - DAWN.COM,An integrated digital system is needed through which records of interest and dividend payments made by financial institutions would be linked to the tax system.,an integrated digital system is needed through which records of interest and dividend payments made by financial institutions would be linked to the tax system
https://www.dawn.com/news/1831796/wheats-tricky-procurement,Wheat’s tricky procurement - Business - DAWN.COM,Govt’s inability to set sustainable wheat support price policy due to corrupt procurement system harms farmers’ profits and national agricultural productivity.,govts inability to set sustainable wheat support price policy due to corrupt procurement system harms farmers profits and national agricultural productivity
https://www.dawn.com/magazines/young-world,Young World -Magazines - DAWN.COM,Checkout for the Latest and Top News from Pakistan and around the world,checkout for the latest and top news from pakistan and around the world
https://www.dawn.com/news/1832758/echoes-of-love,Echoes of love - Newspaper - DAWN.COM,"Ever wonder why some guys are just great with everyone? It all starts at home! Exactly, mothers and sons share a...",ever wonder why some guys are just great with everyone it all starts at home exactly mothers and sons share a
https://www.dawn.com/news/1832757/mailbox,Mailbox - Newspaper - DAWN.COM,"This is with reference to the article “The blessed iftar experience” by Shahmeer Asif (YW, March 23rd).",this is with reference to the article the blessed iftar experience by shahmeer asif yw march rd
https://www.dawn.com/news/1832756/mothers-day-a-letter-to-my-mum,Mother’s Day: A letter to my mum - Newspaper - DAWN.COM,"The reason why I exist today is because you didn’t let go of believing in me. It’s your resilience, courage, prayers and uncond",the reason why i exist today is because you didnt let go of believing in me its your resilience courage prayers and uncond
https://aurora.dawn.com/news/1145073/incentivising-agri-financing,Incentivising Agri-Financing - Aurora,"Data and digitisation are creating conditions conducive to agricultural financing, writes Ammar H. Khan. ",data and digitisation are creating conditions conducive to agricultural financing writes ammar h khan 
https://aurora.dawn.com/news/1145105,Disrupting Agriculture’s Fiscal Model - Aurora,"If Pakistan is to ever open up the economic potential of its agricultural sector, it will have to substitute outdated and ineffective financing methods in favour of ‘an enabling capitalist model’, argues Aijaz A. Nizamani.",if pakistan is to ever open up the economic potential of its agricultural sector it will have to substitute outdated and ineffective financing methods in favour of an enabling capitalist model argues aijaz a nizamani
https://www.chinadaily.com.cn/a/202405/11/WS663eca85a31082fc043c685e.html,China's CPI up 0.3% in April - Chinadaily.com.cn,"China's consumer price index, a main gauge of inflation, rose * percent year-on-year in April, data from the National Bureau of Statistics showed on Saturday.
More content to follow.","chinas consumer price index a main gauge of inflation rose  percent yearonyear in april data from the national bureau of statistics showed on saturday
more content to follow"
https://www.chinadaily.com.cn/a/202405/11/WS663ed542a31082fc043c68b4.html,A public lesson in politics - Chinadaily.com.cn,"Book shows how reason and logic can help grasp subject, Yang Yang reports.",book shows how reason and logic can help grasp subject yang yang reports
https://www.chinadaily.com.cn/a/202405/11/WS663ead65a31082fc043c67af.html,"Beijing, Brussels must uphold multilateralism - Opinion - Chinadaily.com.cn","The Chinese top leader's visit to Europe has instilled confidence in a world full of uncertainty, as evidenced by the Sino-French statements.",the chinese top leaders visit to europe has instilled confidence in a world full of uncertainty as evidenced by the sinofrench statements
https://asianews.network/, Asia News Network - Bringing Asia CloserAsia News Network – Bringing Asia Closer,"Asia News Network is the leading regional alliance of news titles striving to bring the region closer, through an active sharing of editorial content on happenings in the region.",asia news network is the leading regional alliance of news titles striving to bring the region closer through an active sharing of editorial content on happenings in the region
https://www.compunode.com/,Compunode,Advance Software and Publishing Solutions in EMEA and globally.,advance software and publishing solutions in emea and globally
https://whatsapp.com/channel/0029VaMc238IiRov8okfYy3n,‏‎Dawn.com‎‏ | WhatsApp چینل,"‏‎Dawn.com‎‏ WhatsApp چینل۔ channel‏‎Get your news from across Pakistan, South Asia and the world from the voice you trust.‎‏۔ ‏8.1 لاکھ‏ فالوورز",dawncom whatsapp  channelget your news from across pakistan south asia and the world from the voice you trust   
https://www.facebook.com/dawndotcom,Dawn.com,"‏‎Dawn.com‎‏۔ ‏‏2,510,744‏ لائکس · ‏31,472‏ اس بارے بات کر رہے ہیں‏۔ ‏‎Your window to latest news, analysis and features from Pakistan, South Asia and...",dawncom           your window to latest news analysis and features from pakistan south asia and
https://www.instagram.com/dawn.today/,Dawn Today (@dawn.today) • Instagram photos and videos,"707K Followers, 32 Following, 54K Posts - See Instagram photos and videos from Dawn Today (@dawn.today)",k followers  following k posts  see instagram photos and videos from dawn today dawntoday
https://itunes.apple.com/pk/app/dawn-official-mobile-app/id935631940,"
      ‎Dawn - Official Mobile App on the App Store
    ","Read reviews, compare customer ratings, see screenshots and learn more about Dawn - Official Mobile App. Download Dawn - Official Mobile App and enjoy it on your iPhone, iPad and iPod touch.",read reviews compare customer ratings see screenshots and learn more about dawn  official mobile app download dawn  official mobile app and enjoy it on your iphone ipad and ipod touch
https://play.google.com/store/apps/details?id=com.mictronicx.dawn,Dawn - Official Mobile App - Apps on Google Play,The latest news from Pakistan and the world is at your fingertips.,the latest news from pakistan and the world is at your fingertips
https://classifieds.dawn.com,Dawn Classifieds,Classifieds advertisement Real Estate Business Automobiles  Careers Jobs Recruitment Islamabd Karachi Lahore Pakistan cars power price toyota suzuki,classifieds advertisement real estate business automobiles  careers jobs recruitment islamabd karachi lahore pakistan cars power price toyota suzuki
https://www.dawn.com/stocks,Stocks - Business - DAWN.COM,Checkout for the Latest and Top News from Pakistan and around the world,checkout for the latest and top news from pakistan and around the world
https://www.dawnnews.tv/,Home - Dawnnews,"Visit dawnnews.tv for latest news, breaking news in Urdu today from Pakistan, world, entertainment, business, sports, health and analysis.",visit dawnnewstv for latest news breaking news in urdu today from pakistan world entertainment business sports health and analysis
https://www.youtube.com/channel/UCkMdI0K-74jAjOmh5J5H97Q,Teeli - YouTube,"Web series, comedy sketches and social satire for South Asia's youth.",web series comedy sketches and social satire for south asias youth
https://www.bbc.com/,"BBC Home - Breaking News, World News, US News, Sports, Business, Innovation, Climate, Culture, Travel, Video & Audio","Visit BBC for trusted reporting on the latest world and US news, sports, business, climate, innovation, culture and much more.",visit bbc for trusted reporting on the latest world and us news sports business climate innovation culture and much more
https://www.bbc.com/news,Home - BBC News,"Visit BBC News for up-to-the-minute news, breaking news, video, audio and feature stories. BBC News provides trusted World and UK news as well as local and regional perspectives. Also entertainment, business, science, technology and health news.",visit bbc news for uptotheminute news breaking news video audio and feature stories bbc news provides trusted world and uk news as well as local and regional perspectives also entertainment business science technology and health news
https://www.bbc.com/sport,"BBC Sport - Scores, Fixtures, News - Live Sport","Sports news and live sports coverage including scores, results, video, audio and analysis on Football, F1, Cricket, Rugby Union and all other UK sports.",sports news and live sports coverage including scores results video audio and analysis on football f cricket rugby union and all other uk sports
https://www.bbc.com/business,"BBC Business | Economy, Tech, AI, Work, Personal Finance, Market news","BBC Business brings you the latest in Business news and coverage from around the world, including tech, personal finance, companies, employment, the economy and more",bbc business brings you the latest in business news and coverage from around the world including tech personal finance companies employment the economy and more
https://www.bbc.com/innovation,"BBC Innovation | Technology, Health, Environment, AI","BBC Innovation brings you the latest in Technology news and coverage from around the world, including health, environment, AI, and more",bbc innovation brings you the latest in technology news and coverage from around the world including health environment ai and more
https://www.bbc.com/culture,"BBC Culture | Arts, Film & TV, Reviews, Books, Music, Style","BBC Culture brings you the latest in Arts and Culture news and coverage from around the world, including film and TV reviews, books, art, music, style and more",bbc culture brings you the latest in arts and culture news and coverage from around the world including film and tv reviews books art music style and more
https://www.bbc.com/travel,"BBC Travel | Food & drink, History, Destinations, Road trips","BBC Travel brings you the latest travel news and coverage from around the world, including culture, identity, food & drink, sustainability, adventure, experiences, destinations and more",bbc travel brings you the latest travel news and coverage from around the world including culture identity food  drink sustainability adventure experiences destinations and more
https://www.bbc.com/future-planet,"BBC Earth | Environment, Climate Change, AI, Food, Health, Social, & Technology","As we face the world’s greatest environmental challenges, BBC Earth brings you solutions in psychology, food, climate change, health, social trends, and technology that can make the world a more sustainable place.",as we face the worlds greatest environmental challenges bbc earth brings you solutions in psychology food climate change health social trends and technology that can make the world a more sustainable place
https://www.bbc.com/video,BBC Video - World class video news and storytelling from around the world.,Watch some of the award winning video journalism and features from the BBC,watch some of the award winning video journalism and features from the bbc
https://www.bbc.com/live,BBC Live & Breaking World and U.S. News,Live journalism from around the world,live journalism from around the world
https://www.bbc.com/home,BBC - Home,"The best of the BBC, with the latest news and sport headlines, weather, TV & radio highlights and much more from across the whole of BBC Online.",the best of the bbc with the latest news and sport headlines weather tv  radio highlights and much more from across the whole of bbc online
https://www.bbc.com/news/topics/c2vdnvdg6xxt,Israel Gaza war | Latest News & Updates | BBC News,"Follow the latest news on the Israel Gaza war. Get live updates, maps, verified video reports and expert analysis from BBC journalists on the ground.",follow the latest news on the israel gaza war get live updates maps verified video reports and expert analysis from bbc journalists on the ground
https://www.bbc.com/news/war-in-ukraine,Ukraine War | Latest News & Updates| BBC News,"Follow the latest news about the Russia Ukraine war. Find reports from the ground, verified videos, maps and expert analysis by BBC correspondents across the world.",follow the latest news about the russia ukraine war find reports from the ground verified videos maps and expert analysis by bbc correspondents across the world
https://www.bbc.com/news/us-canada,US & Canada | Latest News & Updates | BBC News,"Get all the latest news, live updates and content about the US & Canada from across the BBC.",get all the latest news live updates and content about the us  canada from across the bbc
https://www.bbc.com/news/uk,UK | Latest News & Updates | BBC News,"Get all the latest news, live updates and content about the UK from across the BBC.",get all the latest news live updates and content about the uk from across the bbc
https://www.bbc.com/news/politics,Politics | Latest News & Updates | BBC News,"Get all the latest news, live updates and content about Politics from across the BBC.",get all the latest news live updates and content about politics from across the bbc
https://www.bbc.com/news/england,England | Latest News & Updates | BBC News,"Get all the latest news, live updates and content about England from across the BBC.",get all the latest news live updates and content about england from across the bbc
https://www.bbc.com/news/northern_ireland,Northern Ireland | Latest News & Updates | BBC News,"Get all the latest news, live updates and content about Northern Ireland from across the BBC.",get all the latest news live updates and content about northern ireland from across the bbc
https://www.bbc.com/news/northern_ireland/northern_ireland_politics,Northern Ireland Politics | Latest News & Updates | BBC News,"Get all the latest news, live updates and content about Northern Ireland Politics from across the BBC.",get all the latest news live updates and content about northern ireland politics from across the bbc
https://www.bbc.com/news/scotland,Scotland | Latest News & Updates | BBC News,"Get all the latest news, live updates and content about the Scotland from across the BBC.",get all the latest news live updates and content about the scotland from across the bbc
https://www.bbc.com/news/scotland/scotland_politics,Scotland Politics | Latest News & Updates | BBC News,"Get all the latest news, live updates and content about Scotland Politics from across the BBC.",get all the latest news live updates and content about scotland politics from across the bbc
https://www.bbc.com/news/wales,Wales | Latest News & Updates | BBC News,"Get all the latest news, live updates and content about Wales from across the BBC.",get all the latest news live updates and content about wales from across the bbc
https://www.bbc.com/news/wales/wales_politics,Wales Politics | Latest News & Updates | BBC News,"Get all the latest news, live updates and content about Welsh Politics from across the BBC.",get all the latest news live updates and content about welsh politics from across the bbc
https://www.bbc.com/news/world/africa,Africa | Latest News & Updates | BBC News,"Get all the latest news, live updates and content about Africa from across the BBC.",get all the latest news live updates and content about africa from across the bbc
https://www.bbc.com/news/world/asia,Asia | Latest News & Updates | BBC News,"Get all the latest news, live updates and content about Asia from across the BBC.",get all the latest news live updates and content about asia from across the bbc
https://www.bbc.com/news/world/asia/china,China | Latest News & Updates | BBC News,"Get all the latest news, live updates and content about China from across the BBC.",get all the latest news live updates and content about china from across the bbc
https://www.bbc.com/news/world/asia/india,India | Latest News & Updates | BBC News,"Get all the latest news, live updates and content about India from across the BBC.",get all the latest news live updates and content about india from across the bbc
https://www.bbc.com/news/world/australia,Australia | Latest News & Updates | BBC News,"Get all the latest news, live updates and content about Australia from across the BBC.",get all the latest news live updates and content about australia from across the bbc
https://www.bbc.com/news/world/europe,Europe | Latest News & Updates | BBC News,"Get all the latest news, live updates and content about Europe from across the BBC.",get all the latest news live updates and content about europe from across the bbc
https://www.bbc.com/news/world/latin_america,Latin America | Latest News & Updates | BBC News,"Get all the latest news, live updates and content about Latin America from across the BBC.",get all the latest news live updates and content about latin america from across the bbc
https://www.bbc.com/news/world/middle_east,Middle East | Latest News & Updates | BBC News,"Get all the latest news, live updates and content about the Middle East from across the BBC.",get all the latest news live updates and content about the middle east from across the bbc
https://www.bbc.com/news/in_pictures,In Pictures | Latest News & Updates | BBC News,"Get all the latest news, live updates and content about In Pictures from across the BBC.",get all the latest news live updates and content about in pictures from across the bbc
https://www.bbc.com/news/reality_check,BBC Verify | Latest News & Updates | BBC News,"Get all the latest news, live updates and content about BBC Verify from across the BBC.",get all the latest news live updates and content about bbc verify from across the bbc
https://www.bbc.com/business/future-of-business,BBC Business | Future of Business,"BBC Business brings you the latest news and coverage exploring the future of business from around the world, from digital disruption to the landscape of business advancement, growth, and sustainability",bbc business brings you the latest news and coverage exploring the future of business from around the world from digital disruption to the landscape of business advancement growth and sustainability
https://www.bbc.com/business/technology-of-business,Technology of Business | Latest News & Updates | BBC News,"Get all the latest news, live updates and content about Technology of Business from across the BBC.",get all the latest news live updates and content about technology of business from across the bbc
https://www.bbc.com/business/c-suite,BBC Business | Work Culture,BBC Business brings you the latest news and global analysis for business leaders today – from trending news stories with a global perspective to insights from thought leaders around the world.,bbc business brings you the latest news and global analysis for business leaders today  from trending news stories with a global perspective to insights from thought leaders around the world
https://www.bbc.com/innovation/technology,BBC Innovation | Technology,BBC Innovation brings you the latest in Technology news and coverage from around the world,bbc innovation brings you the latest in technology news and coverage from around the world
https://www.bbc.com/innovation/science,BBC Innovation | Science & Health,BBC Innovation brings you the latest in Science and health news and coverage from around the world,bbc innovation brings you the latest in science and health news and coverage from around the world
https://www.bbc.com/innovation/artificial-intelligence,BBC Innovation | Artificial Intelligence,BBC Innovation brings you the latest in Technology news and coverage from around the world,bbc innovation brings you the latest in technology news and coverage from around the world
https://www.bbc.com/culture/film-tv,BBC Culture | Film & TV,BBC Culture brings you the latest film & TV news and coverage from around the world,bbc culture brings you the latest film  tv news and coverage from around the world
https://www.bbc.com/culture/music,BBC Culture | Music,BBC Culture brings you the latest music news and coverage from around the world,bbc culture brings you the latest music news and coverage from around the world
https://www.bbc.com/culture/art,BBC Culture | Art & Design,BBC Culture brings you the latest art and design news and coverage from around the world,bbc culture brings you the latest art and design news and coverage from around the world
https://www.bbc.com/culture/style,BBC Culture | Style,BBC Culture brings you the latest style news and coverage from around the world,bbc culture brings you the latest style news and coverage from around the world
https://www.bbc.com/culture/books,BBC Culture | Books,BBC Culture brings you the latest books news and coverage from around the world,bbc culture brings you the latest books news and coverage from around the world
https://www.bbc.com/culture/entertainment-news,Entertainment & Arts | Latest News & Updates | BBC News,"Get all the latest news, live updates and content about Entertainment & Arts from across the BBC.",get all the latest news live updates and content about entertainment  arts from across the bbc
https://www.bbc.com/travel/destinations,BBC Travel | Destinations,BBC Travel brings you the latest Destination guides from around the world,bbc travel brings you the latest destination guides from around the world
https://www.bbc.com/travel/destinations/africa,BBC Travel | Destinations | Africa,BBC Travel brings you the latest articles and guides to Africa,bbc travel brings you the latest articles and guides to africa
https://www.bbc.com/travel/destinations/antarctica,BBC Travel | Destinations | Antarctica,BBC Travel brings you the latest articles and guides to Antarctica,bbc travel brings you the latest articles and guides to antarctica
https://www.bbc.com/travel/destinations/asia,BBC Travel | Destinations | Asia,BBC Travel brings you the latest articles and guides to Asia,bbc travel brings you the latest articles and guides to asia
https://www.bbc.com/travel/destinations/australia-and-pacific,BBC Travel | Destinations | Australia and Pacific,BBC Travel brings you the latest articles and guides to Australia and Pacific,bbc travel brings you the latest articles and guides to australia and pacific
https://www.bbc.com/travel/destinations/caribbean,BBC Travel | Destinations | Caribbean & Bermuda,BBC Travel brings you the latest articles and guides to the Caribbean & Bermuda,bbc travel brings you the latest articles and guides to the caribbean  bermuda
https://www.bbc.com/travel/destinations/central-america,BBC Travel | Destinations | Central America,BBC Travel brings you the latest articles and guides to Central America,bbc travel brings you the latest articles and guides to central america
https://www.bbc.com/travel/destinations/europe,BBC Travel | Destinations | Europe,BBC Travel brings you the latest articles and guides to Europe,bbc travel brings you the latest articles and guides to europe
https://www.bbc.com/travel/destinations/middle-east,BBC Travel | Destinations | Middle East,BBC Travel brings you the latest articles and guides to the Middle East,bbc travel brings you the latest articles and guides to the middle east
https://www.bbc.com/travel/destinations/north-america,BBC Travel | Destinations | North America,BBC Travel brings you the latest articles and guides to North America,bbc travel brings you the latest articles and guides to north america
https://www.bbc.com/travel/destinations/south-america,BBC Travel | Destinations | South America,BBC Travel brings you the latest articles and guides to South America,bbc travel brings you the latest articles and guides to south america
https://www.bbc.com/travel/worlds-table,BBC Travel | Worlds Table,"BBC Travel Worlds Table series is changing the way the world thinks about food, through the past, present and future.",bbc travel worlds table series is changing the way the world thinks about food through the past present and future
https://www.bbc.com/travel/cultural-experiences,BBC Travel | Culture & Experiences,BBC Travel brings you the latest Culture & Experiences coverage from around the world,bbc travel brings you the latest culture  experiences coverage from around the world
https://www.bbc.com/travel/adventures,BBC Travel | Adventures,BBC Travel brings you the latest Adventure Travel coverage from around the world,bbc travel brings you the latest adventure travel coverage from around the world
https://www.bbc.com/travel/specialist,BBC Travel | The SpecialList,The SpecialList series helps you see the world through the eyes of local experts and tastemakers in guides to the most popular and emerging destinations across the globe,the speciallist series helps you see the world through the eyes of local experts and tastemakers in guides to the most popular and emerging destinations across the globe
https://www.bbc.com/future-planet/natural-wonders,BBC Earth | Natural Wonders,BBC Earth brings you the latest coverage of Natural Wonders from around the world,bbc earth brings you the latest coverage of natural wonders from around the world
https://www.bbc.com/future-planet/weather-science,BBC Earth | Weather & Science,BBC Earth brings you the latest Weather and Science solutions coverage from around the world,bbc earth brings you the latest weather and science solutions coverage from around the world
https://www.bbc.com/future-planet/solutions,BBC Earth | Climate Solutions,BBC Earth brings you the latest Climate solutions coverage from around the world,bbc earth brings you the latest climate solutions coverage from around the world
https://www.bbc.com/future-planet/sustainable-business,BBC Earth | Sustainable Business,BBC Earth brings you the latest Sustainable Business coverage from around the world,bbc earth brings you the latest sustainable business coverage from around the world
https://www.bbc.com/future-planet/green-living,BBC Earth | Green Living,BBC Earth brings you the latest Green Living coverage from around the world,bbc earth brings you the latest green living coverage from around the world
https://www.bbc.com/live/news,BBC Live & Breaking World and U.S. News,Live News journalism from around the world,live news journalism from around the world
https://www.bbc.com/live/sport,BBC Live & Breaking World and U.S. Sport News,Live Sport journalism from around the world,live sport journalism from around the world
https://www.bbc.co.uk/sounds?src_origin=BBCS_BBC,BBC Sounds - Music. Radio. Podcasts,"Listen without limits, with BBC Sounds. Catch the latest music tracks, discover binge-worthy podcasts, or listen to radio shows - all whenever you want.",listen without limits with bbc sounds catch the latest music tracks discover bingeworthy podcasts or listen to radio shows  all whenever you want
https://www.bbc.com/weather,BBC Weather - Home,"Latest weather conditions and forecasts for the UK and the world. Includes up to 14-days of hourly forecast information, warnings, maps, and the latest editorial analysis and videos from the BBC Weather Centre.",latest weather conditions and forecasts for the uk and the world includes up to days of hourly forecast information warnings maps and the latest editorial analysis and videos from the bbc weather centre
https://www.bbc.com/news/world-us-canada-68984999,US says Israel may have breached international law with American weapons in Gaza,"Report says it is ""reasonable to assess"" there have been breaches in Gaza, but admits it does not have ""complete information"".",report says it is reasonable to assess there have been breaches in gaza but admits it does not have complete information
https://www.bbc.com/news/in-pictures-68995685,In pictures: Northern Lights dazzle around the world,"The aurora borealis was visible around the world on Friday night, stunning photographers everywhere.",the aurora borealis was visible around the world on friday night stunning photographers everywhere
https://www.bbc.com/news/articles/cer3mr09vzxo,Israel Gaza war: More Rafah evacuations as Israel steps up operations,The Israeli military tells thousands of Palestinians to leave the city as it expands its military operation.,the israeli military tells thousands of palestinians to leave the city as it expands its military operation
https://www.bbc.com/news/world-us-canada-68993672,How Kendrick Lamar and Drake changed rap beefs forever,Rapid-fire releases and fast pace of modern life elevate diss war to levels unparalleled in hip-hop history.,rapidfire releases and fast pace of modern life elevate diss war to levels unparalleled in hiphop history
https://www.bbc.com/news/world-europe-68994877,Ukraine: Hundreds flee Kharkiv area after Russian cross-border attack,Evacuations are under way in the Kharkiv area as fighting continues after Friday's surprise incursions.,evacuations are under way in the kharkiv area as fighting continues after fridays surprise incursions
https://www.bbc.com/news/entertainment-arts-68993726,Joost Klein: Dutch contestant disqualified from Eurovision Song Contest,"The singer, Joost Klein, had been among the favourites to win the contest in Malmö, Sweden.",the singer joost klein had been among the favourites to win the contest in malm sweden
https://www.bbc.com/news/world-europe-68994908,Djokovic greets fans with a helmet after being hit by bottle,The tennis player was accidentally struck in the head with a hard bottle that fell from a fan's backpack.,the tennis player was accidentally struck in the head with a hard bottle that fell from a fans backpack
https://www.bbc.com/news/articles/crgy7l6er7vo,Eurovision 2024: Your guide to all 37 songs,"From novelty numbers to gothic witchcraft and rave throwbacks, this year's Eurovision has it all.",from novelty numbers to gothic witchcraft and rave throwbacks this years eurovision has it all
https://www.bbc.com/travel/article/20240510-an-insiders-guide-to-san-franciscos-mission-district,An insider's guide to San Francisco's Mission District,"Long known as the heart of the city's Latinx scene, the Mission has blossomed into a melting pot of cool. Loló co-owner Jorge Martinez Lillard shares his tips on what to do nearby.",long known as the heart of the citys latinx scene the mission has blossomed into a melting pot of cool lol coowner jorge martinez lillard shares his tips on what to do nearby
https://www.bbc.com/future/article/20240510-how-sci-fi-writer-jg-ballards-computer-poems-predicted-chatgpt,How sci-fi writer JG Ballard's computer poems predicted ChatGPT,"In the 1970s, science fiction writer JG Ballard was intrigued by the growing capabilities of computers – so used one to compose poems. They were a first step on the road to ChatGPT.",in the s science fiction writer jg ballard was intrigued by the growing capabilities of computers  so used one to compose poems they were a first step on the road to chatgpt
https://www.bbc.com/news/world-asia-india-68968593,Kashmir: Why Modi's BJP is not fighting elections in the Himalayan region,This is the first general election since India ended the special status of Kashmir in 2019.,this is the first general election since india ended the special status of kashmir in 
https://www.bbc.com/news/world-latin-america-68979430,Brazil floods drive thousands from their homes,"Heavy rains wreak havoc in southern Brazil, leaving many homeless and raising fears of further chaos.",heavy rains wreak havoc in southern brazil leaving many homeless and raising fears of further chaos
https://www.bbc.com/news/articles/crgy9rn3ydko,Frank Bainimarama: Former Fiji PM jailed for a year,The country's long-serving former PM has been jailed for obstructing a corruption probe.,the countrys longserving former pm has been jailed for obstructing a corruption probe
https://www.bbc.com/news/world-asia-68994876,Malaysia football: Mystery attacks on players overshadow season start,"Three members of the national team suffer separate assaults, leaving police and fans baffled.",three members of the national team suffer separate assaults leaving police and fans baffled
https://www.bbc.com/news/articles/c4n1wze72kdo,Afghanistan: Hundreds feared dead in Baghlan and Takhar flooding,"More than 100 people are injured, according to officials, as torrents of water sweep through entire villages.",more than  people are injured according to officials as torrents of water sweep through entire villages
https://www.bbc.com/news/world-asia-india-68767574,Arvind Kejriwal: India court grants bail to Delhi leader,The Delhi chief minister was arrested in March in a corruption case - he denies the allegations.,the delhi chief minister was arrested in march in a corruption case  he denies the allegations
https://www.bbc.com/news/world-asia-china-68982645,Domestic tourism soars in China but foreigners stay away,Foreign visitor numbers are sharply down amid concerns about the political environment.,foreign visitor numbers are sharply down amid concerns about the political environment
https://www.bbc.com/news/world-asia-india-68982352,India election: Modi's divisive campaign rhetoric raises questions,The Indian PM's remarks against Muslims on the election trail have puzzled many. What is going on?,the indian pms remarks against muslims on the election trail have puzzled many what is going on
https://www.bbc.com/news/uk-68994265,Watch: Northern Lights captured glowing over Europe,"Time-lapse videos show swirls of green, pink and scarlet moving across and lighting up the night sky.",timelapse videos show swirls of green pink and scarlet moving across and lighting up the night sky
https://www.bbc.com/reel/video/p0hwrqms/a-visit-to-one-of-antarctica-s-stunning-penguin-colonies,A visit to one of Antarctica's stunning penguin colonies,Marc Cieslak finds out how gentoo penguins are adapting to a warming climate.,marc cieslak finds out how gentoo penguins are adapting to a warming climate
https://www.bbc.com/news/world-us-canada-68994032,Israeli ambassador shreds UN charter with tiny shredder,Gilad Erdan condemned the passing of a resolution enhancing Palestine's rights within the organisation.,gilad erdan condemned the passing of a resolution enhancing palestines rights within the organisation
https://www.bbc.com/news/world-us-canada-68987628,What to expect from Michael Cohen at Trump's hush-money trial,"The BBC's Nada Tawfik looks ahead to Monday, when Donald Trump's former lawyer witll take the stand.",the bbcs nada tawfik looks ahead to monday when donald trumps former lawyer witll take the stand
https://www.bbc.com/news/videos/cnl4nrl5qlro,Red squirrels: Island fights back invasion by their grey cousins,A conservationist is on a mission to keep a Welsh island a sanctuary for native red squirrels.,a conservationist is on a mission to keep a welsh island a sanctuary for native red squirrels
https://www.bbc.com/culture/article/20240510-abba-was-somewhat-of-a-dirty-word-how-the-pop-bands-1974-eurovision-win-divided-sweden,'Abba was somewhat of a dirty word': How the pop band's 1974 Eurovision win divided Sweden,"Fifty years ago, Abba was triumphant at Eurovision – but a new documentary shows just how bittersweet that victory was.",fifty years ago abba was triumphant at eurovision  but a new documentary shows just how bittersweet that victory was
https://www.bbc.com/news/articles/c99z7wwq1lgo,How crops are being disaster-proofed,Scientists are creating hardier crops by cross-breeding wild varities and tweaking crop genes.,scientists are creating hardier crops by crossbreeding wild varities and tweaking crop genes
https://www.bbc.com/news/world-middle-east-68994849,Palestinian envoy to UN: Israel plans to destroy and displace,Palestinian ambassador to the UN Riyad Mansour details the impact of the war in Gaza on his people.,palestinian ambassador to the un riyad mansour details the impact of the war in gaza on his people
https://www.bbc.com/news/world-middle-east-68983650,UN general assembly calls on Security Council to admit Palestine as member,"Passing the resolution is seen as symbolic, as the US is likely to use its veto in the Security Council.",passing the resolution is seen as symbolic as the us is likely to use its veto in the security council
https://www.bbc.com/news/articles/c6pyv8q94g1o,Ukraine says it repelled Russian bid to cross border,"The attempt came during an attack on a town in the northeastern Kharkiv region, says the military.",the attempt came during an attack on a town in the northeastern kharkiv region says the military
https://www.bbc.com/news/articles/c4n1j0l8111o,Zelensky fires head of bodyguard after failed plot,No reason was given for Serhiy Rud's dismissal. He has led the president's security detail since 2019.,no reason was given for serhiy ruds dismissal he has led the presidents security detail since 
https://www.bbc.com/news/world-middle-east-68981084,Marjorie Taylor Greene defiant after failing to remove House Speaker Mike Johnson,The House killed the far-right Republican's motion to remove Mike Johnson over support for Ukraine aid.,the house killed the farright republicans motion to remove mike johnson over support for ukraine aid
https://www.bbc.com/news/world-us-canada-68996062,"Thousands told to evacuate due to British Columbia, Canada wildfire","Fort McMurray residents in neighbouring Alberta, Canada are also under an evacuation alert due to a blaze.",fort mcmurray residents in neighbouring alberta canada are also under an evacuation alert due to a blaze
https://www.bbc.com/news/world-us-canada-68992372,Steve Bannon may soon head to prison after appeal fails,He was convicted in 2022 for not co-operating with a congressional committee probing the capitol riot.,he was convicted in  for not cooperating with a congressional committee probing the capitol riot
https://www.bbc.com/news/science-environment-68991593,Nasa shows what it's like inside a black hole,A black hole is a region of space with such strong gravity not even light can escape.,a black hole is a region of space with such strong gravity not even light can escape
https://www.bbc.com/news/world-australia-68989354,"Australia tries to stop a violence against women 'epidemic', starting with schools","As the nation reels from the Bondi Junction stabbings, what can be done to shift behaviour?",as the nation reels from the bondi junction stabbings what can be done to shift behaviour
https://www.bbc.com/sport/cricket/articles/cne93vemvreo,"T20 World Cup 2024: Full squads including England, India & Australia - BBC Sport",Look at who each of the 20 teams involved in the 2024 Men's T20 World Cup have named in their squads. ,look at who each of the  teams involved in the  mens t world cup have named in their squads 
https://www.bbc.com/news/articles/cjq5gky4e5no,Australia commits to gas beyond 2050 despite climate warnings,The policy comes despite global calls to drastically phase out fossil fuels to reach climate targets.,the policy comes despite global calls to drastically phase out fossil fuels to reach climate targets
https://www.bbc.com/news/world-australia-68967350,"Mexico surfer deaths: Man charged confessed to girlfriend, court told",Australian brothers Jake and Callum Robinson and their US friend Jack Carter Rhoad disappeared last month.,australian brothers jake and callum robinson and their us friend jack carter rhoad disappeared last month
https://www.bbc.com/news/uk-68995042,Northern Lights: How to see them in the UK tonight,"Missed the Northern lights last night? Don't worry, there will be another opportunity to see them tonight. Here's how.",missed the northern lights last night dont worry there will be another opportunity to see them tonight heres how
https://www.bbc.com/news/articles/cgrwjr2n5lko,Islanders dazzled by Northern Lights in Jersey and Guernsey ,The lights became visible after one of Earth's strongest geomagnetic storms to date.,the lights became visible after one of earths strongest geomagnetic storms to date
https://www.bbc.com/news/uk-politics-68995187,"What could go wrong for Keir Starmer? A lot actually, Laura Kuenssberg writes",Labour's leadership is bouncing - but there are plenty of potential pitfalls between Starmer and No 10.,labours leadership is bouncing  but there are plenty of potential pitfalls between starmer and no 
https://www.bbc.com/news/uk-politics-68994326,"Chris Mason: Sunak, Starmer and their small boats row","The issue of people crossing the Channel is so contested, even the terminology of the topic is disputed.",the issue of people crossing the channel is so contested even the terminology of the topic is disputed
https://www.bbc.com/news/articles/cjq5jy0e593o,South Africa election 2024: Constitutional Court hears Jacob Zuma election challenge,The electoral body says the ex-president's conviction for contempt of court means he should be barred.,the electoral body says the expresidents conviction for contempt of court means he should be barred
https://www.bbc.com/news/articles/c6pyvxj5jv6o,Nigerian singer Tiwa Savage on new film Water & Garri: I always wanted to be an actor,Nigerian singer Tiwa Savage talks to the BBC about her acting debut in the film Water & Garri.,nigerian singer tiwa savage talks to the bbc about her acting debut in the film water  garri
https://www.bbc.com/news/world-africa-68987156,‘The Invictus Games shows me I am not alone’,A Nigerian soldier finds friends and familiar stories when he starts competing in para-sport.,a nigerian soldier finds friends and familiar stories when he starts competing in parasport
https://www.bbc.com/sport/football/live/czq5yvwwjgnt?src_origin=BBCS_BBC,"Premier League LIVE: Fulham vs Man City, Tottenham vs Burnley & Nottingham Forest vs Chelsea - score, text updates & commentary - BBC Sport","Follow live score updates as Man City face Fulham as they push on in the title race, Tottenham play Burnley as they look for a a Champions League spot, plus action from six more games.",follow live score updates as man city face fulham as they push on in the title race tottenham play burnley as they look for a a champions league spot plus action from six more games
https://www.bbc.com/news/articles/cv2j0v237vko,Grünheide: Tesla factory protesters clash with police in Germany,Protesters opposed to the expansion of the site have clashed with police. ,protesters opposed to the expansion of the site have clashed with police 
https://www.bbc.com/news/business-68983741,UK exits recession with fastest growth in two years,The economy grew by a stronger than expected 0.6% in the first three months of the year.,the economy grew by a stronger than expected  in the first three months of the year
https://www.bbc.com/news/articles/cmm3gzz1dj3o,Sunak says it'll take time for people to feel better,"The prime minister says ""there is more work to do"" as the UK emerges from recession. ",the prime minister says there is more work to do as the uk emerges from recession 
https://www.bbc.com/news/articles/cpwg2gv3vp5o,Weekday weddings thrive amid rising costs,More couples are choosing to get married on a weekday in order to save money.,more couples are choosing to get married on a weekday in order to save money
https://www.bbc.com/news/technology-68994263,Ros Atkins on... How different countries protect children online,BBC Analysis editor Ros Atkins looks at what what is being done to prevent minors seeing harmful content.,bbc analysis editor ros atkins looks at what what is being done to prevent minors seeing harmful content
https://www.bbc.com/news/technology-68972855,Test-at-home kit for cancer patients approved for use,Patients say the device allows them to reduce the number of hospital visits involved in cancer care.,patients say the device allows them to reduce the number of hospital visits involved in cancer care
https://www.bbc.com/news/world-europe-68993224,Police and protesters clash at Tesla's Berlin factory,Activists were protesting against plans to expand the factory in Grünheide - Tesla's only manufacturing location in Europe.,activists were protesting against plans to expand the factory in grnheide  teslas only manufacturing location in europe
https://www.bbc.com/news/articles/cq5n7e8z73lo,Succession star Brian Cox: 'I've lost my anonymity',Actor Brian Cox is up for a Bafta TV Award alongside several fellow Scots.,actor brian cox is up for a bafta tv award alongside several fellow scots
https://www.bbc.com/sport/cricket/articles/cd18v7qjl8vo,England v Pakistan: Hosts overcome early collapse to win by 53 runs - BBC Sport,England overcome an early batting collapse to complete a comfortable 53-run win over Pakistan in the first T20 at Edgbaston.,england overcome an early batting collapse to complete a comfortable run win over pakistan in the first t at edgbaston
https://www.bbc.com/sport/rugby-union/articles/cjewve85yqlo,Premiership Women's Rugby: Exeter win at Trailfinders to book semi-final spot  - BBC Sport,Exeter Chiefs book their spot in the Premiership Women's Rugby semi-finals after defeating Trailfinders 40-10.,exeter chiefs book their spot in the premiership womens rugby semifinals after defeating trailfinders 
https://www.bbc.com/sport/rugby-union/articles/cglv6724r21o,Premiership: Bristol Bears 20-41 Saracens - double for Maro Itoje - BBC Sport,Maro Itoje scores twice as Saracens take a big step to reaching the play-offs as they beat in-form Bristol 41-20. ,maro itoje scores twice as saracens take a big step to reaching the playoffs as they beat inform bristol  
https://www.bbc.com/news/articles/c4n104z0xklo,African penguin: South African conservationists take legal action to save endangered species,"Every year there are fewer African penguins and soon there may be none at all, scientists warn.",every year there are fewer african penguins and soon there may be none at all scientists warn
https://www.bbc.com/news/articles/c1ej1kk0d88o,Spectacular Northern Lights stun UK,"A rare solar storm made the aurora borealis visible across the UK, including across the south.",a rare solar storm made the aurora borealis visible across the uk including across the south
https://www.bbc.com/news/health-68992772,Smoking ban: Why are young people still taking up smoking?,Hundreds of young people in the UK take their first puff each day. Is that why a ban is planned?,hundreds of young people in the uk take their first puff each day is that why a ban is planned
https://www.bbc.com/travel/article/20240504-guacachile-a-time-honoured-guacamole-lookalike,Guacachile: A time-honoured guacamole lookalike,"Known in Mexico as ""fake guacamole"", guacachile is a silky, delicious sauce made with just four ingredients – not including avocados. Can diners tell the difference?",known in mexico as fake guacamole guacachile is a silky delicious sauce made with just four ingredients  not including avocados can diners tell the difference
https://www.bbc.com/travel/article/20240426-from-ancient-egypt-to-roman-britain-brewers-are-reviving-beers-from-the-past,"From Ancient Egypt to Roman Britain, brewers are reviving beers from the past","Beer archaeologists are peering back millennia to recreate brews from ancient Egypt, Greece and Rome using ancient methods and ingredients.",beer archaeologists are peering back millennia to recreate brews from ancient egypt greece and rome using ancient methods and ingredients
https://www.bbc.com/travel/article/20240421-matzah-ball-soup-a-new-take-on-a-jewish-classic,Matzah ball soup: a new take on a Jewish classic,"To embrace her Jewish heritage and Mexican upbringing, Fany Gerson adds spicy chillies, avocado, coriander and lime to her matzah ball soup – a perfect twist for a Passover Seder.",to embrace her jewish heritage and mexican upbringing fany gerson adds spicy chillies avocado coriander and lime to her matzah ball soup  a perfect twist for a passover seder
https://www.bbc.com/travel/article/20240418-the-ingenious-wines-birthed-from-black-volcanic-craters,The ingenious wines birthed from black volcanic craters,"In Spain's Lanzarote Island, conical hollows built into layers of volcanic ash yield wines that have been created from generations of ingenuity and hard work.",in spains lanzarote island conical hollows built into layers of volcanic ash yield wines that have been created from generations of ingenuity and hard work
https://www.bbc.com/travel/article/20240510-siquijor-a-paradise-island-with-a-reputation-for-witchcraft,Siquijor: A paradise island with a reputation for witchcraft,"The remote island of Siquijor is unique – not only in the Philippines, but the whole of South East Asia, renowned since ancient times as a centre of witchcraft, magic and folk healing.",the remote island of siquijor is unique  not only in the philippines but the whole of south east asia renowned since ancient times as a centre of witchcraft magic and folk healing
https://www.bbc.com/travel/article/20240508-a-solution-for-working-parents-who-want-to-travel,A solution for working parents who want to travel,The Travelling Village is an ambitious new experiment uniting 19 digital nomad families for a four-month co-living and co-travelling journey across the world.,the travelling village is an ambitious new experiment uniting  digital nomad families for a fourmonth coliving and cotravelling journey across the world
https://www.bbc.com/travel/article/20240508-celebrity-chef-alexandre-mazzias-favourite-ways-to-enjoy-marseille-during-the-olympics-and-beyond,Celebrity chef Alexandre Mazzia's favourite ways to enjoy Marseille during the Olympics and beyond,"Michelin-starred chef Alexandre Mazzia will be a torchbearer when the Paris 2024 Olympics kick off in his hometown of Marseille. Here is his guide to the city, from sunsets to seafood.",michelinstarred chef alexandre mazzia will be a torchbearer when the paris  olympics kick off in his hometown of marseille here is his guide to the city from sunsets to seafood
https://www.bbc.com/travel/article/20240508-labyrinth-walking-an-ancient-activity-that-could-help-ease-anxiety,Labyrinth walking: An ancient activity that could help ease anxiety,Walking labyrinths has become an increasingly popular global method of reducing stress by integrating the mind and the body.,walking labyrinths has become an increasingly popular global method of reducing stress by integrating the mind and the body
https://shop.bbc.com/,"BBC Shop
– BBC Shop US","The Best of British TV and Culture. Celebrate your favourite shows: Doctor Who, Top Gear, Sherlock, and many more! Shop bestselling DVDs, Blu-rays and merchandise direct from the BBC Shop.",the best of british tv and culture celebrate your favourite shows doctor who top gear sherlock and many more shop bestselling dvds blurays and merchandise direct from the bbc shop
https://www.bbc.co.uk/usingthebbc/terms,A few rules for us and you - Using the BBC,We want everyone to enjoy the BBC. But there are a few rules to stick to.,we want everyone to enjoy the bbc but there are a few rules to stick to
https://www.bbc.co.uk/aboutthebbc,Learn more about what we do,Everything you need to know about the workings of the BBC,everything you need to know about the workings of the bbc
https://www.bbc.com/usingthebbc/privacy/,Keeping your info safe and sound,We take your privacy very seriously. And so should you.,we take your privacy very seriously and so should you
https://www.bbc.com/usingthebbc/cookies/,Take control of your cookies,Cookies help us remember you and show you more things we think you’ll like. ,cookies help us remember you and show you more things we think youll like 
https://www.bbc.com/advertisingcontact,"BBC Advertising Sales Contact - Breaking News, World News, U.S. News, Sports, Business, Innovation, Climate, Culture, Travel, Video & Audio","Visit BBC for trusted reporting on the latest world and U.S. news, sports, business, climate, innovation, culture and much more.",visit bbc for trusted reporting on the latest world and us news sports business climate innovation culture and much more
